iter	Accuracy	MultiLogloss
0	0.03146853147	0.6299666827
1	0.01398601399	0.5780574786
	0.01403508772	0.531430469
